-- phpMyAdmin SQL Dump
-- version 5.1.3
-- https://www.phpmyadmin.net/
--
-- 主機： 127.0.0.1
-- 產生時間： 2022-05-15 10:55:07
-- 伺服器版本： 10.4.24-MariaDB
-- PHP 版本： 7.4.29

SET SQL_MODE = "NO_AUTO_VALUE_ON_ZERO";
START TRANSACTION;
SET time_zone = "+00:00";


/*!40101 SET @OLD_CHARACTER_SET_CLIENT=@@CHARACTER_SET_CLIENT */;
/*!40101 SET @OLD_CHARACTER_SET_RESULTS=@@CHARACTER_SET_RESULTS */;
/*!40101 SET @OLD_COLLATION_CONNECTION=@@COLLATION_CONNECTION */;
/*!40101 SET NAMES utf8mb4 */;

--
-- 資料庫: `db`
--

-- --------------------------------------------------------

--
-- 資料表結構 `book_info`
--

CREATE TABLE `book_info` (
  `id` int(11) NOT NULL,
  `name` char(30) NOT NULL,
  `author` char(30) NOT NULL,
  `press` char(20) NOT NULL,
  `press_time` date NOT NULL,
  `ISBN` char(13) NOT NULL,
  `AddDate` date NOT NULL
) ENGINE=InnoDB DEFAULT CHARSET=utf8;

--
-- 傾印資料表的資料 `book_info`
--

INSERT INTO `book_info` (`id`, `name`, `author`, `press`, `press_time`, `ISBN`, `AddDate`) VALUES
(1, '追風箏的人', '[美]卡勒德·胡賽尼', '上海人民出版社', '2006-05-09', '9787208061644', '2019-02-17'),
(2, '解憂雜貨店', '[日]東野圭吾', '南海出版公司', '2014-05-05', '9787544270878', '2019-12-27'),
(3, '小王子', '[法]聖埃克蘇佩里', '人民文學出版社', '2003-08-01', '9787020042494', '2019-12-28'),
(4, '白夜行', '[日]東野圭吾', '南海出版公司', '2008-09-01', '9787544242516', '2019-12-28'),
(5, '圍城', '錢鍾書', '人民文學出版社', '1991-02-22', '9787020024759', '2019-12-28'),
(6, '三體', '劉慈欣', '重慶出版社', '2008-01-31', '9787536692930', '2020-02-17'),
(7, '挪威的森林', '[日]村上春樹', '上海譯文出版社', '2001-02-02', '9787532725694', '2020-05-02'),
(8, '嫌疑人X的獻身', '[日]東野圭吾', '南海出版公司', '2008-09-03', '9787544241694', '2020-11-17'),
(10, '紅樓夢', '中國古典文學讀本叢書', '人民文學出版社', '1996-12-03', '9787020002207', '2021-02-17'),
(11, '百年孤獨', '[哥倫比亞]加西亞·馬爾克斯', '南海出版公司', '2011-06-06', '9787544253994', '2021-02-17'),
(12, '看見', '柴靜', '廣西師範大學出版社', '2013-01-01', '9787549529322', '2021-02-17'),
(13, '不能承受的生命之輕', '[捷克]米蘭·昆德拉', '上海譯文出版社', '2003-07-07', '9787532731077', '2021-02-17'),
(14, '達·芬奇密碼', '[美]丹·布朗', '上海人民出版社', '2004-02-22', '9787208050037', '2021-02-17'),
(15, '平凡的世界（全三部）', '路遙', '人民文學出版社', '2005-01-24', '9787020049295', '2021-02-17'),
(17, '三體Ⅲ', '科幻世界·中國科幻基石叢書', '重慶出版社', '2010-11-22', '9787229030933', '2021-02-17'),
(18, '簡愛（英文全本）', '[英]夏洛蒂·勃朗特', '世界圖書出版公司', '2003-11-22', '9787506261579', '2021-02-17'),
(19, '哈利·波特與魔法石', '[英]J·K·羅琳', '人民文學出版社', '2000-09-07', '9787020033430', '2021-02-17'),
(20, '天才在左 瘋子在右', '高銘', '武漢大學出版社', '2010-02-03', '9787307075429', '2021-02-17'),
(21, '我們仨', '楊絳', '生活·讀書·新知三聯書店', '2003-07-04', '9787108018809', '2021-02-17'),
(22, '傲慢與偏見', '[英]簡·奧斯汀', '人民文學出版社', '1993-07-07', '9787020040179', '2021-02-17'),
(23, '送你一顆子彈', '劉瑜', '上海三聯書店', '2010-01-24', '9787542631664', '2021-02-17'),
(24, '飄', '[美]瑪格麗特·米切爾', '譯林出版社', '2000-09-09', '9787806570920', '2021-02-17'),
(25, '明朝那些事兒（壹）', '當年明月', '中國友誼出版公司', '2006-09-09', '9787505722460', '2021-02-17'),
(26, '傾城之戀', '張愛玲', '花城出版社', '1997-03-01', '9787536023918', '2021-02-17'),
(27, '目送', '龍應台', '生活·讀書·新知三聯書店', '2009-10-04', '9787108032911', '2021-02-17'),
(28, '月亮和六便士', '[英]威廉·薩默塞特·毛姆', '上海譯文出版社', '2006-08-08', '9787532739547', '2021-02-17'),
(29, '情人', '[法]瑪格麗特·杜拉斯', '上海譯文出版社', '2005-07-07', '9787532736874', '2021-02-17'),
(30, '惡意', '[日]東野圭吾', '南海出版公司', '2009-06-06', '9787544244428', '2020-02-17'),
(32, '哈利·波特與阿茲卡班的囚徒', '[英]J·K·羅琳', '人民文學出版社', '2000-09-28', '9787020033454', '2022-02-17'),
(33, '狼圖騰', '姜戎', '長江文藝出版社', '2004-04-04', '9787535427304', '2022-02-17'),
(34, '哈利·波特與火焰杯', '[英]J·K·羅琳', '人民文學出版社', '2001-05-28', '9787020034635', '2022-02-17'),
(36, '邊城', '沈從文', '北岳文藝出版社', '2002-04-04', '9787537823425', '2019-02-17'),
(37, '哈利·波特與密室', '[英]J·K·羅琳', '人民文學出版社', '0000-00-00', '9787020033447', '2022-02-17'),
(38, '穆斯林的葬禮', '霍達', '北京十月文藝出版社', '1988-12-01', '9787530201244', '2022-02-17'),
(40, '撒哈拉的故事', '三毛', '皇冠出版社', '2000-09-29', '9789573305545', '2022-02-17'),
(41, '萬曆十五年', '[美]黃仁宇', '生活·讀書·新知三聯書店', '1976-12-12', '9787108009821', '2022-02-17'),
(43, '向左走·向右走', '幾米', '生活·讀書·新知三聯書店', '1997-05-23', '9787108017444', '2022-02-20'),
(44, '哈利·波特與混血王子', '[英]J·K·羅琳', '人民文學出版社', '2002-08-05', '9787020053230', '2022-02-20'),
(45, '盜墓筆記', '南派三叔', '中國友誼出版公司', '2005-10-15', '9787505722835', '2022-03-17'),
(47, '窗邊的小豆豆', '新經典文庫·巴學園', '南海出版公司', '2007-01-31', '9787544222976', '2022-03-19'),
(48, '天龍八部', '金庸', '生活.讀書.新知三聯書店', '2003-01-22', '9787108006721', '2022-05-02'),
(49, '三國演義（全二冊）', '羅貫中', '人民文學出版社', '1994-05-15', '9787020008728', '2022-05-02'),
(50, '哈利·波特與鳳凰社', '[英]J·K·羅琳', '人民文學出版社', '2003-09-21', '9787020043279', '2022-05-02');

-- --------------------------------------------------------

--
-- 資料表結構 `borrow_list`
--

CREATE TABLE `borrow_list` (
  `book_id` int(11) NOT NULL,
  `user_id` int(11) NOT NULL,
  `borrow_date` date NOT NULL,
  `back_date` date NOT NULL
) ENGINE=InnoDB DEFAULT CHARSET=utf8;

--
-- 傾印資料表的資料 `borrow_list`
--

INSERT INTO `borrow_list` (`book_id`, `user_id`, `borrow_date`, `back_date`) VALUES
(1, 1, '2022-05-18', '2022-07-18'),
(2, 1, '2022-05-18', '2022-07-18'),
(3, 1, '2022-05-18', '2022-07-18'),
(4, 2, '2022-04-25', '2022-06-25'),
(5, 2, '2022-04-13', '2022-06-13'),
(6, 2, '2022-03-16', '2022-05-16'),
(8, 7, '2022-03-05', '2022-05-05');

-- --------------------------------------------------------

--
-- 資料表結構 `user`
--

CREATE TABLE `user` (
  `id` int(11) NOT NULL,
  `mail` char(128) NOT NULL,
  `pwd` char(128) NOT NULL,
  `name` char(15) DEFAULT NULL
) ENGINE=InnoDB DEFAULT CHARSET=utf8;

--
-- 傾印資料表的資料 `user`
--

INSERT INTO `user` (`id`, `mail`, `pwd`, `name`) VALUES
(1, 'tmd77xx@gmail.com', '123456', '張三'),
(2, ' zack32978@gmail.com', '123456', '李四'),
(3, 's106321033@mail1.ncnu.edu.tw', '123456', '王伍'),
(4, 't.md77xx@gmail.com', 'e10adc3949ba59abbe56e057f20f883e', '趙六'),
(5, 'tm.d77xx@gmail.com', 'e10adc3949ba59abbe56e057f20f883e', '周七'),
(6, 'tmd.77xx@gmail.com', 'e10adc3949ba59abbe56e057f20f883e', '陳八'),
(7, 'tmd7.7xx@gmail.com', 'e10adc3949ba59abbe56e057f20f883e', '蕭九');

--
-- 已傾印資料表的索引
--

--
-- 資料表索引 `book_info`
--
ALTER TABLE `book_info`
  ADD PRIMARY KEY (`id`);

--
-- 資料表索引 `borrow_list`
--
ALTER TABLE `borrow_list`
  ADD PRIMARY KEY (`book_id`,`user_id`);

--
-- 資料表索引 `user`
--
ALTER TABLE `user`
  ADD PRIMARY KEY (`id`);

--
-- 在傾印的資料表使用自動遞增(AUTO_INCREMENT)
--

--
-- 使用資料表自動遞增(AUTO_INCREMENT) `book_info`
--
ALTER TABLE `book_info`
  MODIFY `id` int(11) NOT NULL AUTO_INCREMENT, AUTO_INCREMENT=51;

--
-- 使用資料表自動遞增(AUTO_INCREMENT) `user`
--
ALTER TABLE `user`
  MODIFY `id` int(11) NOT NULL AUTO_INCREMENT, AUTO_INCREMENT=8;
COMMIT;

/*!40101 SET CHARACTER_SET_CLIENT=@OLD_CHARACTER_SET_CLIENT */;
/*!40101 SET CHARACTER_SET_RESULTS=@OLD_CHARACTER_SET_RESULTS */;
/*!40101 SET COLLATION_CONNECTION=@OLD_COLLATION_CONNECTION */;
